<?xml version="1.0" encoding="UTF-8"?>
<project-private xmlns="http://www.netbeans.org/ns/project-private/1">
    <editor-bookmarks xmlns="http://www.netbeans.org/ns/editor-bookmarks/2" lastBookmarkId="0"/>
    <open-files xmlns="http://www.netbeans.org/ns/projectui-open-files/2">
        <group>
            <file>file:/C:/Users/HP/Documents/NetBeansProjects/Pemrograman-Berbasis-Objek/project/src/project/Dana.java</file>
            <file>file:/C:/Users/HP/Documents/NetBeansProjects/Pemrograman-Berbasis-Objek/project/src/project/Keuntungan.java</file>
            <file>file:/C:/Users/HP/Documents/NetBeansProjects/Pemrograman-Berbasis-Objek/project/src/project/Project.java</file>
            <file>file:/C:/Users/HP/Documents/NetBeansProjects/Pemrograman-Berbasis-Objek/project/src/project/ProjectMain.java</file>
            <file>file:/C:/Users/HP/Documents/NetBeansProjects/Pemrograman-Berbasis-Objek/project/src/project/Buah.java</file>
            <file>file:/C:/Users/HP/Documents/NetBeansProjects/Pemrograman-Berbasis-Objek/project/src/project/Pengiriman.java</file>
            <file>file:/C:/Users/HP/Documents/NetBeansProjects/Pemrograman-Berbasis-Objek/project/src/project/Penghasilan.java</file>
        </group>
    </open-files>
</project-private>
